CommonName,ScientificName,TreeImage,Description,TreeNumber,TreeCondition,DBH (inches),TotalHeight (feet),CrownNS (feet),CrownEW (Feet),LeafArea (Feet Squared),LeafBiomass (Pounds),GrossCarbonSequestration (Pounds per Year),StruturalTreeValue (Dollars),AvoidedWaterRunnoff (Feet Cubed per Year),GPSLat,GPSLong,GPSAlt,Tree Tour Index,TreeOnTour,NumberOnTour,GeorgiaNative,BeeTree,Type of Tree (tempation),Shape,Leaf Attachment,Leaf Type,Flowering,Flower Color,Cone/Fruit Type,Country of Origin,Habitat,Range,Fall Color,Proformance Feature,wood hardness,book pages
White Oak,Quercus alba,01470_Quercus_alba.jpg,"This tree has tyloses that give the wood a closed cellular structure, making it water- and rot-resistant, thus it is used for wine and whiskey barrels and the USS Constitution ship structure.  The fruit is an acorn, a valuable food for turkeys, wood ducks, pheasants, grackles, jays, nuthatches, thrushes, woodpeckers, rabbits, squirrels, and deer.",1470,Err:508,Err:508,Err:508,Err:508,Err:508,Err:508,Err:508,Err:508,Err:508,Err:508,Err:508,Err:508,,2,Hill Tour,1,TRUE,TRUE,deciduous,Rounded,Alternate,Lobed Simple,TRUE,Green,Acons,Eastern and Central North America,,,Orange ,"Ornamental, Barrels making, Furniture, Weapon making",,282 380 524 597 382
Japanese Maple,Acer palmatum,01336_Acer_palmatum.jpg,"Indigenous to southeast Asia, with over 1000 cultivars, this tree is prized for its ornamental character. The branches and leaves are used as a treatment in traditional Chinese medicine.",1336,Err:508,Err:508,Err:508,Err:508,Err:508,Err:508,Err:508,Err:508,Err:508,Err:508,Err:508,Err:508,,2,Hill Tour,2,FALSE,FALSE,coniferous,"Vase Shaped, Rounded",Opposite,Lobed Simple,TRUE,Red,Keys,"Japan, Korea, China, Eastern Mongolia, Southeast Russia",,,"Red, Orange, Yellow, Copper","Ornamental, Shade Tree",,
Post Oak,Quercus stellata,01620_Quercus_stellata.jpg,"Indigenous to the eastern United States including Georgia, this tree adapts to many types of soils but prefers acidic soils.  It boasts good drought tolerance and the wood is  durable, thus it is well-suited for making posts (hence its common name, Post Oak).  In Texas, the wood is used as smoking wood for barbecues.",1620,Err:508,Err:508,Err:508,Err:508,Err:508,Err:508,Err:508,Err:508,Err:508,Err:508,Err:508,Err:508,,2,Hill Tour,3,TRUE,FALSE,deciduous,Rounded,Alternate,Lobed Simple,TRUE,Brown,Acorns,Eastern and Central United States,,,Copper,"Fence post making, Smoking Texas Barbecue",,270 514 409
Red Maple,Acer rubrum,01609_Acer_rubrum.JPG,"A common native to North America including Georgia, the wood is soft and is a medium quality ?rewood possessing lower heat energy than other hardwoods such as Ash, Oak, or Birch.",1609,Err:508,Err:508,Err:508,Err:508,Err:508,Err:508,Err:508,Err:508,Err:508,Err:508,Err:508,Err:508,,2,Hill Tour,4,TRUE,TRUE,deciduous,Rounded,Opposite,Lobed Simple,TRUE,Red,Keys,Eastern and Central North America,,,Red,"Ornamental, Furniture, Maple syrup",,261 366 369 495 593 577
Ginko Tree,Ginkgo biloba,01555_Ginkgo_biloba.jpg,"The national tree of China and the of?cial tree of Tokyo, this tree is a living fossil, recognizably similar to fossils dating back 270 million years.  Six Ginkgo trees were among the few living organisms to survive Hiroshima.",1555,Err:508,Err:508,Err:508,Err:508,Err:508,Err:508,Err:508,Err:508,Err:508,Err:508,Err:508,Err:508,,2,Hill Tour,5,FALSE,FALSE,deciduous,Pyramid,Alternate,Lobed Simple,TRUE,Green,Cones,China,,,Yellow,Medical,,235 619 271
Yoshino Cherry,Prunus × yedoensis,01557_Prunus_x_serrulata.JPG,"Because of its fragrant, light pink ?owers, manageable size, and elegant shape, this tree is often used as an ornamental tree.  It occurs as a natural hybrid in Japan and has become one of the most popularly cultivated ?owering cherries in temperate climates worldwide.",1557,Err:508,Err:508,Err:508,Err:508,Err:508,Err:508,Err:508,Err:508,Err:508,Err:508,Err:508,Err:508,,2,Hill Tour,6,FALSE,TRUE,deciduous,"Vase Shaped, Rounded",Alternate,Toothed Simple,TRUE,"Pink, White",berrylike Fruit,Hybrid,,,Yellow,Ornamental,,
Southern Magnolia,Magnolia grandiflora,01562_Magnolia_grandiflora.jpg,"This tree is grown for its attractive, shiny, green leaves and fragrant ?owers.  The leaves have a waxy coating that makes them resistant to damage from salt and air pollution.  Native to the southeastern United States, the timber of this tree is hard and heavy and has been used commercially to make furniture, pallets, and veneer.",1562,Err:508,Err:508,Err:508,Err:508,Err:508,Err:508,Err:508,Err:508,Err:508,Err:508,Err:508,Err:508,,2,Hill Tour,7,TRUE,TRUE,coniferous,Conical,Alternate,Untoothed Simple,TRUE,White,Berrylike Fruit,Southeastern United States,,,Green,Ornamental,,58 432 565 440
Shumard Oak,Quercus shumardii,01568_Quercus_shumardii.JPG,"Native to the eastern United States and Canada, including the state of Georgia, this tree tolerates many soil conditions including wet soils.  The fruit of the tree, a large acorn, is a food source for wildlife.  The wood is well-suited for the construction of flooring, furniture, and trim.",1568,Err:508,Err:508,Err:508,Err:508,Err:508,Err:508,Err:508,Err:508,Err:508,Err:508,Err:508,Err:508,,2,Hill Tour,8,TRUE,FALSE,deciduous,Rounded,Alternate,Lobed Simple,TRUE,Brown,Acornes,Atlantic Costal Plain,,,Red,"Shade Tree, Wildlife food",,293 408
Dogwood,Cornus florida,01598_Cornus_florida.jpg,"Native to eastern North America including Georgia, this tree was used to treat dogs with mange.  The red berries are edible but do not taste good.  The wood has been used in the production of golf club heads, rake teeth, jeweler’s boxes, butcher’s blocks, scarlet inks, and as a quinine substitute. ",1598,Err:508,Err:508,Err:508,Err:508,Err:508,Err:508,Err:508,Err:508,Err:508,Err:508,Err:508,Err:508,,2,Hill Tour,9,TRUE,FALSE,deciduous,Spreading,Opposite,Untoothed Simple,TRUE,Pink,Berrylike Fruit,"North America, Northern Mexico",,,Red,"Ornamental, Dyes, Tools",,76 454 554 579
Eastern Redbud,Cercis canadensis,01597_Cercis_canadensis.jpg,"Indigenous to eastern North America including Georgia, Native Americans consumed redbud ?owers raw or boiled and ate the seeds roasted.  In some parts of Appalachia, the green twigs are used as seasoning for wild game.",1597,Err:508,Err:508,Err:508,Err:508,Err:508,Err:508,Err:508,Err:508,Err:508,Err:508,Err:508,Err:508,,2,Hill Tour,10,TRUE,TRUE,deciduous,Rounded,Alternate,Untoothed Simple,TRUE,Pink,Pods,Eastern North America,,,Yellow,,,99 466 518
Persian Ironwood,Parrotia persica,01381_Parrotia_persica.JPG,"Native to northern Iran and southern Azerbaijan, this tree is cultivated as an ornamental tree for its stunning autumn color and the smooth, patterned bark.  The leaves have wavy margins; they are glossy and green, turning a rich purple to brilliant red in autumn.",1381,Err:508,Err:508,Err:508,Err:508,Err:508,Err:508,Err:508,Err:508,Err:508,Err:508,Err:508,Err:508,,2,Hill Tour,11,FALSE,FALSE,deciduous,Vase Shaped,Alternate,Toothed Simple,TRUE,Red,Pods,Iran,,,"Orange, Yellow, Red",,,374
Common Witch-hazel,Hamamelis virginiana,13174_Hammamelis_virginiana.JPG,"Native to the eastern United States including Georgia, Native Americans produced witch hazel extract by boiling the stems of the shrub and producing a decoction used to treat swellings, inflammations, and tumors. Pond’s Extract was a popular distillation of the bark in dilute alcohol. The forked twigs of witch hazel are preferred as divining rods.",13174,Err:508,Err:508,Err:508,Err:508,Err:508,Err:508,Err:508,Err:508,Err:508,Err:508,Err:508,Err:508,,2,Hill Tour,12,FALSE,TRUE,deciduous,"Rounded, Vase Shaped",Alternate,Toothed Simple,TRUE,Yellow,Capsule,North America,,,Yellow,,,
Saucer Magnolia,Magnolia x soulangiana,01504_Magnolia_x_soulangiana.jpg,"This hybrid plant has large, early-blooming ?owers that emerge dramatically in various shades of white, pink, and purple.  The tree is noted for its ease of cultivation and its relative tolerance to wind and alkaline soils, two vulnerabilities of many other magnolias.",1504,Err:508,Err:508,Err:508,Err:508,Err:508,Err:508,Err:508,Err:508,Err:508,Err:508,Err:508,Err:508,,2,Hill Tour,13,FALSE,FALSE,deciduous,Spreading,Alternate,Untoothed Simple,TRUE,"Pink, White",Conelike,Hybrid,,,Yellow,,,86 443
Water Oak,Quercus nigra,01483_Quercus_nigra.jpg,"Native to the lower central United States including Georgia, this tree grows best in well-drained yet moist soils.  It must have access to full sun as it does not tolerate shade.  This tree is relatively short-lived and used for fuel and timber.",1483,Err:508,Err:508,Err:508,Err:508,Err:508,Err:508,Err:508,Err:508,Err:508,Err:508,Err:508,Err:508,,2,Hill Tour,14,TRUE,FALSE,deciduous,"Conical, Rounded",Alternate,Lobed Simple,TRUE,Brown,Acorns,North America,,,Yellow,,,271 401
Douglas Fir,Pseudotsuga menziesii,01451_Pseudotsuga_menziesii.jpg,"Indigenous to western North America, this tree yields more timber than any other tree in North America.  It is also popularly used as a Christmas tree.  The buds have been used to ?avor eau de vie, a clear, colorless fruit brandy.",1451,Err:508,Err:508,Err:508,Err:508,Err:508,Err:508,Err:508,Err:508,Err:508,Err:508,Err:508,Err:508,,2,Hill Tour,15,FALSE,FALSE,coniferous,Pyramid,Alternate,Needle Like Conifers,TRUE,Red,Conelike,North America,,,Green,,,
Chinese Juniper,Juniperus chinensis,04655_Juniperus_chinensis.JPG,"Native to northeastern Asia, this tree is a popular ornamental tree or shrub in gardens and parks and has more than 100 named cultivars.  This tree is widely used in the art of bonsai.",4655,Err:508,Err:508,Err:508,Err:508,Err:508,Err:508,Err:508,Err:508,Err:508,Err:508,Err:508,Err:508,,2,Hill Tour,16,FALSE,FALSE,coniferous,Pyramid,Opposite,Scale Leaf Conifers,TRUE,"Brown, Yellow, Green",Conelike,"China, Mongolia, Japan",,,Green,,,
Leyland Cypress,Cupressocyparis leylandii,04667_Cupressocyparis_leylandii.JPG,"This evergreen tree is known for its rapid, thick growth.  It is primarily used as hedges and screens as a means of enforcing privacy.  For many years it was the biggest-selling item in every garden centre in Great Britain.",4667,Err:508,Err:508,Err:508,Err:508,Err:508,Err:508,Err:508,Err:508,Err:508,Err:508,Err:508,Err:508,,2,Hill Tour,17,FALSE,FALSE,coniferous,"Pyramid, Columnar",Opposite,Scale Leaf Conifers,TRUE,White,Conelike,Hybrid,,,Green,,,
Camellia,Camellia japonica,02033_Camelia_japonica.JPG,"Indigenous to China, Taiwan, South Korea, and Japan, this tree is related to Camellia sinensis, which is used to make tea.  Camellias are commonly seen as lucky symbols for the Chinese New Year. ",2033,Err:508,Err:508,Err:508,Err:508,Err:508,Err:508,Err:508,Err:508,Err:508,Err:508,Err:508,Err:508,,2,Hill Tour,18,FALSE,FALSE,coniferous,Broad,Alternate,Toothed Simple,TRUE,"Pink, White, Red, Yellow","Balls, Capsules, Tufted Fruit","China, Korea",,,Green,,,606 607
Higan cherry,Prunus subhirtella,04685_Prunus_subhirtella.JPG,"Indigenous to Japan, this tree is widely grown for its propensity to flower during mild winter weather.  The tree bears white to pink flowers which may emerge intermittently from autumn through to spring, in addition to a small black fruit.",4685,Err:508,Err:508,Err:508,Err:508,Err:508,Err:508,Err:508,Err:508,Err:508,Err:508,Err:508,Err:508,,2,Hill Tour,19,FALSE,TRUE,deciduous,Weeping,Alternate,Toothed Simple,TRUE,Pink,Fleshy Fruit,Japan,,,Yellow,,,
Sasanqua Camellia,Camellia sasanqua,04684_Camelia_sasanqua.JPG,"Native to China and Japan, this tree is used to make tea.  The seeds or nuts are used to make tea seed oil, which has a higher calori?c content than any other edible oil available naturally in Japan and is used for lighting, lubrication, cooking, and cosmetic purposes.",4684,Err:508,Err:508,Err:508,Err:508,Err:508,Err:508,Err:508,Err:508,Err:508,Err:508,Err:508,Err:508,,2,Hill Tour,20,FALSE,FALSE,coniferous,Conical,Opposite,Toothed Simple,TRUE,"Pink, White, Red",Capsule,"China, Japan",,,Green,,,
Hinoki Cypress,Chamaecyparis obtusa,01986_Chamaecyparis_obtusa.JPG,"This tree is prized for its high-quality timber and is native to central Japan, where it is used as a material for building palaces, temples, shrines, traditional Noh theatres, baths, table tennis blades, and Masu.  The wood is lemon-scented and is highly rot-resistant.",1986,Err:508,Err:508,Err:508,Err:508,Err:508,Err:508,Err:508,Err:508,Err:508,Err:508,Err:508,Err:508,,2,Hill Tour,21,FALSE,FALSE,coniferous,Pyramid,Opposite,Scale Leaf Conifers,TRUE,Yellow,Cones,Japan,,,Green,,,
Kwanzan cherry,Prunus serrulata,01978_Prunus_serrulata.JPG,"Indigenous to Japan, Korea, and China, this tree is noted for its spring cherry blossom displays and festivals.  The National Cherry Blossom Festival is a spring celebration in Washington, D.C., commemorating the 1912 A.D. gift of this tree to the city of Washington, D.C. from Tokyo, Japan.",1978,Err:508,Err:508,Err:508,Err:508,Err:508,Err:508,Err:508,Err:508,Err:508,Err:508,Err:508,Err:508,,2,Hill Tour,22,FALSE,TRUE,deciduous,Vase Shaped,Alternate,Toothed Simple,TRUE,Pink,Fleshy Fruit,"China, Korea. Japan",,,"Yellow, Orange, Copper",,,
Sycamore tree,Platanus occidentalis,01975_Platanus_occidentalis.JPG,"This tree is able to endure a city environment. The wood is used to make butcher’s blocks, boxes, and crates.  The terms under which the New York Stock Exchange was formed are called the “Buttonwood Agreement” after it was signed under a buttonwood (sycamore) tree at 68 Wall Street in 1792.",1975,Err:508,Err:508,Err:508,Err:508,Err:508,Err:508,Err:508,Err:508,Err:508,Err:508,Err:508,Err:508,,2,Hill Tour,23,TRUE,FALSE,deciduous,"Broad, Pyramid, Rounded",Alternate,Lobed Simple,TRUE,Red,"Balls, Capsules, Tufted Fruit",North America,,,Yellow,,,256 508 456 576
Two-wing silverbell,Halesia diptera,01973_Halesia_diptera.JPG,"Indigenous to the southeastern United States including Georgia, this tree is cultivated as an ornamental tree.  It bears white ?owers and fruit that is a dry drupe with two wings down the sides.",1973,Err:508,Err:508,Err:508,Err:508,Err:508,Err:508,Err:508,Err:508,Err:508,Err:508,Err:508,Err:508,,2,Hill Tour,24,TRUE,FALSE,coniferous,Spreading,Alternate,Toothed Simple,TRUE,White,Pods,North America,,,Green,,,195 426 638
Chinese pistache,Pistacia chinensis,01797_Pistacia_chinensis.JPG,"Native to central and western China, the oil from the seed of this tree is used in biodiesel production and the wood is used to create furniture, yielding a yellow dye.  Horticulturally, the tree is a popular choice as a street tree in urban settings because it is very drought-tolerant and can survive harsh environments. ",1797,Err:508,Err:508,Err:508,Err:508,Err:508,Err:508,Err:508,Err:508,Err:508,Err:508,Err:508,Err:508,,2,Hill Tour,25,FALSE,FALSE,deciduous,"Rounded, Vase Shaped, Spreading",Alternate,Compound,TRUE,Red,Berrylike Fruit,China,,,"Red, Orange",,,
Bay magnolia,Magnolia virginiana,02071_Magnolia_virginiana.JPG,"Native to the southeastern and coastal United States and valued for its evergreen foliage, this tree is used in horticultural applications to give an architectural feel to landscape designs.  It is an attractive tree for parks and large gardens, grown for its large, conspicuous, scented ?owers, its clean, attractive foliage, and its fast growth. ",2071,Err:508,Err:508,Err:508,Err:508,Err:508,Err:508,Err:508,Err:508,Err:508,Err:508,Err:508,Err:508,,1,Tech Green Tour,1,TRUE,FALSE,coniferous,Rounded,Alternate,Untoothed Simple,TRUE,White,Cones,Atlantic Costal Plain,,,Green,,,444
Fraser photinia,Photinia x fraseri,02016_Photinia_x_fraseri.JPG,The red color of the new leaves in spring contrasted against the dark evergreen older leaves has given the plantthe popular name Red Robin.,2016,Err:508,Err:508,Err:508,Err:508,Err:508,Err:508,Err:508,Err:508,Err:508,Err:508,Err:508,Err:508,,1,Tech Green Tour,2,FALSE,FALSE,coniferous,Oval,Alternate,Untoothed Simple,TRUE,White,Berrylike Fruit,Hybrid,,,"Green, Red",,,21 278
Trident Maple,Acer buergerianum,02051_Acer_buergerianum.JPG,"Indigenous to eastern China, this tree is widely grown in temperate regions as an ornamental tree and is a popular choice for the art of bonsai.",2051,Err:508,Err:508,Err:508,Err:508,Err:508,Err:508,Err:508,Err:508,Err:508,Err:508,Err:508,Err:508,,1,Tech Green Tour,3,FALSE,FALSE,deciduous,"Oval, Rounded",Opposite,Lobed Simple,TRUE,Yellow,Keys,"China, Japan",,,"Red, Orange, Yellow",,,
Northern Red Oak,Quercus rubra,02056_Quercus_bicolor.JPG,"Native to the state of Georgia, this tree prefers fertile, sandy soil with good drainage.  Fruiting may not occur until tree is 40 years old.  This tree is one of the most important lumber oaks, as it is long-lived and can survive up to around 500 years.",2056,Err:508,Err:508,Err:508,Err:508,Err:508,Err:508,Err:508,Err:508,Err:508,Err:508,Err:508,Err:508,,1,Tech Green Tour,4,TRUE,FALSE,deciduous,Rounded,Alternate,Lobed Simple,TRUE,Brown,Acorns,North America,,,Red,,,292 370 523 407
Willow Oak,Quercus phellos,02084_Quercus_phellos.JPG,"“Red oak wood” is marketed for pulp and paper production and lumber.  Due to its rapid growth, balance between axial and radial dominance, ability to withstand sun and shade, and full crown, it is a popular ornamental tree.  It often grows larger than expected, leading to cracked sidewalks.",2084,Err:508,Err:508,Err:508,Err:508,Err:508,Err:508,Err:508,Err:508,Err:508,Err:508,Err:508,Err:508,,1,Tech Green Tour,5,TRUE,FALSE,deciduous,"Conical, Rounded",Alternate,Untoothed Simple,TRUE,Brown,Acorns,United States,,,Yellow,,,101 404
Yellow wood,Cladrastis kentukea,00694_Cladrastis_kentukea.JPG,"A rare tree indigenous to eastern North America including Georgia, the name of this tree is derived from its yellow heartwood.  It is used in small amounts for specialist furniture, gunstocks, and decorative woodturning.",694,Err:508,Err:508,Err:508,Err:508,Err:508,Err:508,Err:508,Err:508,Err:508,Err:508,Err:508,Err:508,,1,Tech Green Tour,6,TRUE,FALSE,deciduous,"Rounded, Broad",Alternate,Compound,TRUE,White,Pods,United States,,,"Copper, Yellow",,,350 519
Cabbage palm,Sabal palmetto,02121_Sabal_palmetto.JPG,"Indigenous to the lower southeastern United States including Georgia, this tree is salt and drought tolerant.  It is cultivated as a food source and is the origin of “hearts of palm,” a vegetable harvested from the inner core and growing bud of the tree.  The trunks are used to make wharf piles.",2121,Err:508,Err:508,Err:508,Err:508,Err:508,Err:508,Err:508,Err:508,Err:508,Err:508,Err:508,Err:508,,1,Tech Green Tour,7,TRUE,FALSE,coniferous,Rounded,Whorled,Yuccas and Palmettos,TRUE,White,Berrylike Fruit,United States,,,Green,,,314
Princeton Elm,Ulmus americana ‘Princeton’,04836_Ulmas_americana_princeton.JPG,‘Princeton’ is an older cultivar with an extremely rapid growth rate. It was propagated in 1922 and planted along Washington Ave at the entrance to Princeton University in New Jersey. It tolerates Dutch elm disease well and has the nice classic American elm shape. It may have the best form of all the Ulmus americana cultivars.,4836,Err:508,Err:508,Err:508,Err:508,Err:508,Err:508,Err:508,Err:508,Err:508,Err:508,Err:508,Err:508,,1,Tech Green Tour,8,FALSE,FALSE,deciduous,"Broad, Rounded, Vase Shaped",Alternate,Toothed Simple,TRUE,Green,Keys,North America,,,Yellow,,,162 373 498 419 425 427
Star Magnolia,Magnolia stellata,00742_Magnolia_stellata.JPG,"This tree bears large, showy, white or pink flower in early spring, before its leaves open.  Star magnolia is native to Japan. It was introduced into cultivation in 1862.",742,Err:508,Err:508,Err:508,Err:508,Err:508,Err:508,Err:508,Err:508,Err:508,Err:508,Err:508,Err:508,,1,Tech Green Tour,9,FALSE,FALSE,deciduous,Rounded,Alternate,Untoothed Simple,TRUE,White,Pods,Japan,,,"Yellow, Copper",,,
Black Walnut,Juglans nigra,12232_Juglans_nigra.JPG,"Native to eastern North America including Georgia, the nuts of this tree are shelled commercially in the United States.  Popular uses include ice cream, bakery goods and confections.  The walnuts have the capability to stain cars, sidewalks, porches, and patios.  The brownish-black dye was used by early American settlers to dye hair.",12232,Err:508,Err:508,Err:508,Err:508,Err:508,Err:508,Err:508,Err:508,Err:508,Err:508,Err:508,Err:508,,1,Tech Green Tour,10,TRUE,FALSE,deciduous,Rounded,Alternate,Compound,TRUE,Green,Nuts,North America,,,Green,,,317 532 358
Pignut Hickory,Carya glabra,12269_Carya_glabra.JPG,"Common in the eastern United States and native to Georgia, this tree is considered a “soil improver” because the leaves have a relatively high calcium content.  The nuts and bark provide food to many kinds of wildlife.  With its high heating value, hickory is used to heat homes.",12269,Err:508,Err:508,Err:508,Err:508,Err:508,Err:508,Err:508,Err:508,Err:508,Err:508,Err:508,Err:508,,1,Tech Green Tour,11,TRUE,FALSE,deciduous,Spreading,Alternate,Compound,TRUE,Green,Nuts,North America,,,Yellow,,,343 377 534 627 347
Bald cypress,Taxodium distichum,03501_Taxodium_distichum.JPG,"Native to the Mississippi Delta region and other areas of the lower coastal United States including Georgia, this tree is recognized by its pronounced “knees” surrounding the trunk.  As it grows primarily in wetlands, the lumber is extremely water resistant.  When clumped in forests it creates a productive ecosystem.",3501,Err:508,Err:508,Err:508,Err:508,Err:508,Err:508,Err:508,Err:508,Err:508,Err:508,Err:508,Err:508,,1,Tech Green Tour,12,TRUE,FALSE,deciduous,Pyramidal,Alternate,Needle Like Conifers,TRUE,Brown,Cone,North America,,,"Yellow, Copper",,,27 302
Winged Elm,Ulmus alata,03491_Ulmus_alata.JPG,"Indigenous to the southeastern United States including Georgia, this tree can grow in a wide range of soils but the wood is not particularly useful in the lumber industry.  It is, however, valued for its use in the creation of hockey sticks.",3491,Err:508,Err:508,Err:508,Err:508,Err:508,Err:508,Err:508,Err:508,Err:508,Err:508,Err:508,Err:508,,1,Tech Green Tour,13,TRUE,FALSE,deciduous,Rounded,Alternate,Toothed Simple,TRUE,Green,Keys,United States,,,Yellow,,,165 497 418
Wax Myrtle,Myrica cerifera,03492_Myrica_cerifera.JPG,"The wax coating on the fruit of this tree, known as Bayberry wax, has been traditionally used to make candles.  The foliage can be used by campers as insect repellent.  The fruit is an economically important crop in China, sold fresh, dried, canned, juiced, and for alcoholic beverages, and in Denmark for spicing beer and snaps.",3492,Err:508,Err:508,Err:508,Err:508,Err:508,Err:508,Err:508,Err:508,Err:508,Err:508,Err:508,Err:508,,1,Tech Green Tour,14,TRUE,FALSE,deciduous,Rounded,Alternate,Toothed Simple,TRUE,Green,Berrylike Fruit,United States,,,Green,,,209 339
Cherry Bark Oak,Quercus pagoda,12934_Quercus_pagoda.JPG,"Because of the tree’s good form and quality, it is regarded as one of the best red oaks. The light reddish-brown wood is used for interior finishing, veneer, furniture, and cabinets. Many wildlife species consume the acorn, including both the gray and fox squirrel, deer, raccoon, and many birds (wild turkey, blue jay, wood duck, and grackle).",12934,Err:508,Err:508,Err:508,Err:508,Err:508,Err:508,Err:508,Err:508,Err:508,Err:508,Err:508,Err:508,,1,Tech Green Tour,15,TRUE,FALSE,deciduous,Rounded,Alternate,Lobed Simple,TRUE,Green,Acorns,United States,,,"Red, Green",,,
Japanese Pagoda,Sophora japonica,12992_Sophora_Japonica.JPG,"Although not native to Japan (the tree is native to China and Korea), the name of this tree comes from Japanese use around their Buddhist Temples.  This tree is drought-tolerant.  It has been cultivated for its medicinal qualitites relating to the circulatory system.  ",12992,Err:508,Err:508,Err:508,Err:508,Err:508,Err:508,Err:508,Err:508,Err:508,Err:508,Err:508,Err:508,,1,Tech Green Tour,16,FALSE,TRUE,deciduous,Rounded,Alternate,Compound,TRUE,White,Pods,China,,,Yellow,Ornamental,,312 529
Mockernut Hickory,Carya tomentosa,12916_Carya_tomentosa.JPG,"Native to the state of Georgia, this tree is also known as Carya alba, and the wood is the preferred hickory for smoking hams.  The common name refers to the large fruits that, once husked and shelled, yield very little substance. ",12916,Err:508,Err:508,Err:508,Err:508,Err:508,Err:508,Err:508,Err:508,Err:508,Err:508,Err:508,Err:508,,1,Tech Green Tour,17,TRUE,FALSE,deciduous,Rounded,Alternate,Compound,TRUE,Green,Nuts,United States,,,Yellow,,,348 355
Chinese Fringe Tree,Chionanthus retusus,13044_Chionanthus_retusus.JPG,"Native to eastern Asia, in eastern and central China, Taiwan, Korea, and Japan, this tree is typically denser and larger than the predominant native spieces Chionanthus virginicus.  The fruit of the tree is a good food source for birds and wildlife. ",13044,Err:508,Err:508,Err:508,Err:508,Err:508,Err:508,Err:508,Err:508,Err:508,Err:508,Err:508,Err:508,,1,Tech Green Tour,18,FALSE,FALSE,deciduous,"Rounded, Vase Shaped",Opposite,Untoothed Simple,TRUE,White,Berrylike Fruit,"China, Korea, Japan",,,Yellow,,,
Luster Leaf Holly,Ilex latifolia,13046_Ilex_latifolia.JPG,Luster Leaf holly is native to southern Japan and eastern and southern China.  It is cultivated as an ornamental tree in parks and temple gardens. The leaves may be infused to make tea. ,13046,Err:508,Err:508,Err:508,Err:508,Err:508,Err:508,Err:508,Err:508,Err:508,Err:508,Err:508,Err:508,,1,Tech Green Tour,19,FALSE,FALSE,coniferous,"Rounded, Pyramid",Alternate,Toothed Simple,TRUE,Yellow,Berrylike Fruit,"China, Japan",,,Green,,,
Osage Orange,Maclura pomifera,13043_Maclura_pomifera.JPG,"When dried, the wood has the highest BTU content of any commonly available North American wood, and burns long and hot.  In Arkansas, in the early 19th century, a good Osage bow was worth a horse and a blanket.  A yellow-orange dye can be extracted from the wood, which can be used as a substitute for fustic and aniline dyes. ",13043,Err:508,Err:508,Err:508,Err:508,Err:508,Err:508,Err:508,Err:508,Err:508,Err:508,Err:508,Err:508,,1,Tech Green Tour,20,FALSE,FALSE,deciduous,Rounded,Alternate,Untoothed Simple,TRUE,Green,Fleshy Fruit,North America,,,Yellow,,,71 391 573 429
Valley Forge Elm,Ulmus americana ‘Valley Forge',12921_Ulmas_americana_Valley_Forge.JPG,‘Valley Forge’ was released to wholesale nurseries without patent restrictions by the U. S. National Arboretum in 1995 after proving to have a resistance to Dutch elm disease.  It has proven the most resistant of all the American Elm cultivars to Dutch elm disease. It is also very resistant to the elm leaf beetle.,12921,Err:508,Err:508,Err:508,Err:508,Err:508,Err:508,Err:508,Err:508,Err:508,Err:508,Err:508,Err:508,,1,Tech Green Tour,21,FALSE,FALSE,deciduous,"Rounded, Vase Shaped",Alternate,Toothed Simple,TRUE, Green,Keys,North America,,,Yellow,,,162 373 498 419 
European hornbeam,Carpinus betulus,03266_Carpinus_betulus.JPG,"Native to western Asia and central, eastern, and southern Europe, the wood is used in objects where a very hard wood is required, including carving boards, tool handles, coach wheels, piano actions, and gear pegs in simple machines such as traditional windmills.",3266,Err:508,Err:508,Err:508,Err:508,Err:508,Err:508,Err:508,Err:508,Err:508,Err:508,Err:508,Err:508,,1,Tech Green Tour,22,FALSE,FALSE,deciduous,"Oval, Vase Shaped",Alternate,Toothed Simple,TRUE,White,Nuts,"Asia, Europe",,,Yellow,,,
Live Oak,Quercus virginiana,12376_Quercus_virginiana.JPG,"Native to the southeastern U.S. including Georgia, the branches host plants such as Spanish moss, ball moss, and resurrection fern, providing shelter for wildlife. Native Americans bent branches for trail markers and the USS Constitution was constructed from live oak harvested on St. Simons Island, GA.",12376,Err:508,Err:508,Err:508,Err:508,Err:508,Err:508,Err:508,Err:508,Err:508,Err:508,Err:508,Err:508,,1,Tech Green Tour,23,TRUE,FALSE,coniferous,Spreading,Alternate,Untoothed Simple,TRUE,Brown,Acorns,United States,,,Green,,,47 521 410
American snowbell,Styrax americanus,01921_Styrax_americanus.JPG,"Indigenous to the southeastern United States including Georgia, this tree is host to Promethea Moth.  It generally grows in swamps, ?oodplains, and other similar wetlands.",1921,Err:508,Err:508,Err:508,Err:508,Err:508,Err:508,Err:508,Err:508,Err:508,Err:508,Err:508,Err:508,,1,Tech Green Tour,24,TRUE,FALSE,deciduous,Rounded,Alternate,Toothed Simple,TRUE,White,Drupes,United States,,,Yellow,,,
Fringe Tree,Chionanthus virginicus,02129_chionanthus_virginicus.JPG,"Native to the southeastern United States including Georgia, the dried roots and bark were used by Native Americans to treat skin inflammations.  The crushed bark was used in treatment of sores and wounds.  The fruit provides a good food source for birds and wildlife.",2129,Err:508,Err:508,Err:508,Err:508,Err:508,Err:508,Err:508,Err:508,Err:508,Err:508,Err:508,Err:508,,1,Tech Green Tour,25,TRUE,FALSE,deciduous,"Oval, Rounded",Opposite,Untoothed Simple,TRUE,White,Berrylike Fruit,United States,,,Yellow,,,84 419 644 
American Beech,Fagus grandifolia,02350_Fagus_grandifolia.JPG,"Native to eastern North America including Georgia, this is an important tree in forestry.  Because the wood is heavy, hard, and strong, it was not used for construction until the advent of power tools in the 20th century.  It is now used in ?ooring, furniture, and other woodenware.",2350,Err:508,Err:508,Err:508,Err:508,Err:508,Err:508,Err:508,Err:508,Err:508,Err:508,Err:508,Err:508,,3,Central Campus Tour,1,TRUE,FALSE,deciduous,Rounded,Alternate,Toothed Simple,TRUE,"Yellow, Red",Nuts,North America,,,"Brown, Yellow","Ornamental, Forestry",,152 528 601 614 380
Eastern Red Cedar,Juniperus virginiana,02375_Juniperus_viginiana.JPG,"In the Missouri and Arkansas, this tree is commonly used as a Christmas tree.  The aromatic wood is avoided by moths, so it is used in dressers and closets.  Native Americans used poles to mark out agreed tribal hunting territories, and French traders named Baton Rouge, LA, (meaning “red stick”) from the reddish color of the poles.",2375,Err:508,Err:508,Err:508,Err:508,Err:508,Err:508,Err:508,Err:508,Err:508,Err:508,Err:508,Err:508,,3,Central Campus Tour,2,TRUE,FALSE,coniferous,Columnar,Whorled,Scale Leaf Conifers,TRUE,"Yellow, Green",Cones,North America,,,Green,,,35 310
Tulip Poplar,Liriodendron tulipifera,02391_Liriodendron_tulipifera.JPG,"Native to Georgia, this tree bears the wood of choice for use in organs.  Its tall and rapid growth is a function of its shade intolerance; it grows much slower in the sun.  This tree species is a major honey plant, receiving mixed reviews as a table honey but favorably regarded by bakers.  Nectar is produced in the orange parts of the ?owers.",2391,Err:508,Err:508,Err:508,Err:508,Err:508,Err:508,Err:508,Err:508,Err:508,Err:508,Err:508,Err:508,,3,Central Campus Tour,3,TRUE,FALSE,deciduous,Oval,Alternate,Lobed Simple,TRUE,Green,keys,United States,,,Yellow,,,267 390 490 436
Kousa Dogwood,Cornus Kousa,02392_Cornus_kousa.JPG,"Indigenous to eastern Asia, this tree turns a showy red color in fall.  It is widely planted as an ornamental tree in areas affected by the dogwood anthracnose disease.  The berries are sweet and sometimes used in making wine.",2392,Err:508,Err:508,Err:508,Err:508,Err:508,Err:508,Err:508,Err:508,Err:508,Err:508,Err:508,Err:508,,3,Central Campus Tour,4,FALSE,FALSE,deciduous,Rounded,Opposite,Untoothed Simple,TRUE,White,Berries,"China, Korea, Japan, Sikkim, Bhutan",,,"Purple, Red",,,
Bottlebrush buckeye,Aesculus parviflora,02401_Aesculus_parviflora.JPG,"This tree is grown as an ornamental plant in gardens where its August flowering attracts butterflies.  Naturalist William Bartram first noted this shrub on his travels through Carolina, Georgia, and Florida from 1773 to 1778 AD.",2401,Err:508,Err:508,Err:508,Err:508,Err:508,Err:508,Err:508,Err:508,Err:508,Err:508,Err:508,Err:508,,3,Central Campus Tour,5,TRUE,TRUE,deciduous,Spreading,Opposite,Compound,TRUE,White,Capsule,United States,,,Yellow,Ornamental,,
River Birch,Betula nigra,02407_Betula_nigra.JPG,"Native to the eastern United States including Georgia, this tree is one of the few heat-tolerant trees in the Birch family.  Native Americans used the boiled sap as a sweetener similar to maple syrup and the inner bark as a survival food.  Yellow-bellied sapsuckers peck holes in the bark to feed on the sap.",2407,Err:508,Err:508,Err:508,Err:508,Err:508,Err:508,Err:508,Err:508,Err:508,Err:508,Err:508,Err:508,,3,Central Campus Tour,6,TRUE,FALSE,deciduous,"Pyramid, Oval",Alternate,Toothed Simple,TRUE,"Yellow, Green",Cones,United States,,,Yellow,"Ornamental , Sweetner, Food",,178 366
Oklahoma Redbud,Cercis reniformis,02561_Cercis_reniformis.JPG,"Indigenous to southwestern North America including Texas, this tree is similar to the Eastern Redbud.  The seeds are a food source for wildlife.  The tree bears very shiny, leathery leaves, purple seedpods, and dark pink to bright red flowers.",2561,Err:508,Err:508,Err:508,Err:508,Err:508,Err:508,Err:508,Err:508,Err:508,Err:508,Err:508,Err:508,,3,Central Campus Tour,7,FALSE,FALSE,deciduous,"Rounded, Vase Shaped",Alternate,Untoothed Simple,TRUE,Pink,Pods,North America,,,Yellow,,,
American Hornbeam,Carpinus caroliniana,00928_Carpinus_caroliniana.JPG,"Indigenous to the eastern United States including Georgia, the wood is heavy and hard.  It is used to create tool handles, longbows, walking sticks, walking canes, and golf clubs.",928,Err:508,Err:508,Err:508,Err:508,Err:508,Err:508,Err:508,Err:508,Err:508,Err:508,Err:508,Err:508,,3,Central Campus Tour,8,TRUE,FALSE,deciduous,"Broad, Rounded",Alternate,Toothed Simple,TRUE,"Red, Green",Nuts,North America,,,Orange,,,147 596 372
European Hornbeam,Carpinus betulas ‘fastigiata’,12496_Carpinus_betulas_fastigiata.JPG,"The smooth, grey, rippling bark shields the extremely hard, strong wood. This wood is so solid it was reportedly used by the ancient Romans to make chariots, as well as being used by the American pioneers to make yokes for their oxen.",12496,Err:508,Err:508,Err:508,Err:508,Err:508,Err:508,Err:508,Err:508,Err:508,Err:508,Err:508,Err:508,,3,Central Campus Tour,9,FALSE,FALSE,deciduous,"Columnar, Pyramid",Alternate,Toothed Simple,TRUE,White,Nuts,"Asia, Europe",,,Yellow,,,
Green Ash,Fraxinus pennsylvanica,02323_Fraxinus_pennsylvanica.JPG,"This is one of the most popular boulevard trees throughout the U.S. and Canada due to its good form and tolerance of urban conditions.  Gibson, Fender, and Warwick, among others, use the wood to make guitars because it can be somewhat lighter than white ash without sacri?cing in tone. It has a bright sound and the wood is desirable.",2323,Err:508,Err:508,Err:508,Err:508,Err:508,Err:508,Err:508,Err:508,Err:508,Err:508,Err:508,Err:508,,3,Central Campus Tour,10,TRUE,FALSE,deciduous,Rounded,Opposite,Compound,TRUE,Green,Keys,North America,,,Yellow,,,328 651
Chinese Elm,Ulmus parvifolia,00756_Ulmus_parvifolia.JPG,"Native to China, Korea, and Japan, this tree is tolerant of drought, soil, light conditions, and air pollution.  It has good resistance to Dutch Elm Disease, a fungi spread by the elm bark beetle.  The wood is the hardest of all elm trees thus it used in furniture and ?ooring.  It is also used as a bonsai tree.",756,Err:508,Err:508,Err:508,Err:508,Err:508,Err:508,Err:508,Err:508,Err:508,Err:508,Err:508,Err:508,,3,Central Campus Tour,11,FALSE,FALSE,deciduous,"Broad, Rounded",Alternate,Toothed Simple,TRUE,Green,Keys,"China, India, Japan, Korea, Vietnam",,,"Red, Purple",,,168 421 423
Fire thorn,Pyracantha coccinea,00771_Pyracantha coccinea.JPG,"Native to southern Europe and western Asia, this tree has small, white ?owers and produces small, bright, red berries.  The fruit is bitter and astringent, making it inedible when raw, but can be cooked to make jellies, jams, sauces, and marmalade. Since the 1700s A.D. in England, the tree was used to cover unsightly walls.",771,Err:508,Err:508,Err:508,Err:508,Err:508,Err:508,Err:508,Err:508,Err:508,Err:508,Err:508,Err:508,,3,Central Campus Tour,12,TRUE,TRUE,deciduous,Rounded,Alternate,Toothed Simple,TRUE,White,Berrylike Fruit,"Asian, Europe",,,Green,,,
Cherry Laurel,Prunus laurocerasus,04922_Prunus_laurocerasus.JPG,"Native to regions bordering the Black Sea, this tree is often used for hedges, screening, and as a massed landscape plant.  Its rapid growth and tolerance of drought and shade often allow it to out-compete and kill off native plant species.  Laurel water, a distillation made from the plant, has a pharmacological usage.",4922,Err:508,Err:508,Err:508,Err:508,Err:508,Err:508,Err:508,Err:508,Err:508,Err:508,Err:508,Err:508,,3,Central Campus Tour,13,FALSE,TRUE,coniferous,Rounded,Alternate,Toothed Simple,TRUE,Yellow,Berrylike Fruit,"Asia, Europe",,,Green,,,
Bradford Pear,Pyrus calleryana,04756_Pyrus_calleryana.JPG,"Native to Vietnam and China, the tree is an invasive species in areas of eastern North America, out competing many native plants and trees.  The tree is known for its pungent, often unpleasant smell.  The timber is prized for making woodwind instruments and its veneer is used in ?ne furniture.  ",4756,Err:508,Err:508,Err:508,Err:508,Err:508,Err:508,Err:508,Err:508,Err:508,Err:508,Err:508,Err:508,,3,Central Campus Tour,14,FALSE,TRUE,deciduous,"Oval, Rounded",Alternate,Toothed Simple,TRUE,White,Fleshy Fruit,"China, Vietnam",,,"Yellow, Red, Orange, Purple",,,
Japanese red cedar,Cryptomeria japonica,04937_Cryptomeria_japonica.JPG,"This large evergreen tree is the national tree of Japan.  The timber is extremely fragrant, weather and insect resistant, soft, and with a low density; it is favored for light construction as it is easy to saw and season.",4937,Err:508,Err:508,Err:508,Err:508,Err:508,Err:508,Err:508,Err:508,Err:508,Err:508,Err:508,Err:508,,3,Central Campus Tour,15,FALSE,FALSE,coniferous,"Pyramid, Oval",Whorled,Needle Leaf Conifers,TRUE,"Green, Brown",Cones,"China, Japan",,,Green,,,
Ogeechee Tupelo,Nyssa ogeche,04761_Nyssa_ogeche.JPG,"Native to Georgia, the honey made from the nectar is known as “tupelo honey” and it is noted for attracting wildlife.  The wood is light, soft, and tough, but not strong.  It is coarse-grained, dif?cult to split, and of little value.  The tree is too rare and small to be economically important in the timber industry.",4761,Err:508,Err:508,Err:508,Err:508,Err:508,Err:508,Err:508,Err:508,Err:508,Err:508,Err:508,Err:508,,3,Central Campus Tour,16,TRUE,FALSE,deciduous,Rounded,Alternate,Untoothed Simple,TRUE,Green,Berrylike Fruit,"Georgia, Florida",,,"Yellow, Red, Orange, Purple",,,66 619
Big Leaf Magnolia,Magnolia macrophylla,04569_Magnolia_macrophylla.JPG,"Native to the southeastern United States including Georgia, the tree boasts the largest simple leaf and single ?ower of any native plant in North America.  Its collection may have an adverse impact on this tree’s existence due to low population density and has led to its status as an endangered species in some states.",4569,Err:508,Err:508,Err:508,Err:508,Err:508,Err:508,Err:508,Err:508,Err:508,Err:508,Err:508,Err:508,,3,Central Campus Tour,17,TRUE,TRUE,deciduous,"Broad, Rounded",Alternate,Untoothed Simple,TRUE,White,Conelike,"United States, Mexico",,,Green,,,90 430 441
Southern Red Oak,Quercus falcata,04570_Quercus_falcata.JPG,"Indigenous to the southeastern United States including Georgia, this tree grows in well-drained clay and loam soil in full sun.  The wood can be used in furniture making, however this is rare.",4570,Err:508,Err:508,Err:508,Err:508,Err:508,Err:508,Err:508,Err:508,Err:508,Err:508,Err:508,Err:508,,3,Central Campus Tour,18,TRUE,TRUE,deciduous,Rounded,Alternate,Lobed Simple,TRUE,Brown,Acorns,East and South-central United States,,,Copper,,,283 388
Virginia Pine,Pinus virginiana,04370_Pinus_virginiana.JPG,"Indigenous to the state of Georgia, this pine is useful for reforesting and provides nourishment for wildlife.  This tree is also commonly cultivated on Christmas tree farms.",4370,Err:508,Err:508,Err:508,Err:508,Err:508,Err:508,Err:508,Err:508,Err:508,Err:508,Err:508,Err:508,,3,Central Campus Tour,19,TRUE,FALSE,coniferous,Rounded,Whorled,Needle Like Conifers,TRUE,Yellow,Cones,United States,,,Green,,,14 473 298
American Elm,Ulmus americana,04565_Ulmas_americana.JPG,"Indigenous to eastern North America including Georgia, this tree grows in clay and silty clay soils and is resonably drought-tolerant.  The wood is important in the creation of sports equipment (especially hockey sticks), furniture, and ?ooring.",4565,Err:508,Err:508,Err:508,Err:508,Err:508,Err:508,Err:508,Err:508,Err:508,Err:508,Err:508,Err:508,,3,Central Campus Tour,20,TRUE,FALSE,deciduous,"Rounded, Vase Shaped",Alternate,Toothed Simple,TRUE,"Red, Green",Keys,North America,,,Yellow,,,162 373 498 419
Tea Olive,Osmanthus fragrans,00937_Osmanthus_fragrans.JPG,"In Chinese cuisine, its flowers may be infused with green or black tea leaves to create a scented tea. The flowers are also used to produce osmanthus-scented jam, sweet cakes, dumplings, soups, and even liquor.",937,Err:508,Err:508,Err:508,Err:508,Err:508,Err:508,Err:508,Err:508,Err:508,Err:508,Err:508,Err:508,,3,Central Campus Tour,21,FALSE,TRUE,coniferous,"Columnar, Rounded",Opposite,Toothed Simple,TRUE,White,Drupes,Asia,,,Green,,,
Carolina laurelcherry,Prunus caroliniana,00931_Prunus_caroliniana.JPG,"Native to the southeastern United States including Georgia, this tree has long been an ornamental tree and landscape hedge shrub in gardens.  It is sometimes considered a “weedy native” species because when it is damaged or cut down to the ground, it is capable of vigorously resprouting.  It often forms shrubby thickets in the wild.",931,Err:508,Err:508,Err:508,Err:508,Err:508,Err:508,Err:508,Err:508,Err:508,Err:508,Err:508,Err:508,,3,Central Campus Tour,22,TRUE,FALSE,coniferous,"Oval, Rounded",Alternate,Toothed Simple,TRUE,Cream,Plum,Southeastern United States,,,Green,,,138 408 496 
Service Berry,Amelanchier laevis,04344_Amelanchier_laevis.JPG,"Native to North America, the fruit are excellent to eat raw, tasting somewhat like a blueberry, strongly accented by the almond-like ?avour of the seeds.  The wood can be used for tool handles and ?shing rods.  Native Americans used it to make arrow shafts.",4344,Err:508,Err:508,Err:508,Err:508,Err:508,Err:508,Err:508,Err:508,Err:508,Err:508,Err:508,Err:508,,3,Central Campus Tour,23,TRUE,TRUE,deciduous,Vase Shaped,Alternate,Toothed Simple,TRUE,"White, Cream",Berries,North America,,,"Yellow, Red",,,
Japanese zelkova,Zelkova serrata,00943_Zelkova_serrata.JPG,"Indigenous to Japan, Korea, Manchuria, and Taiwan, this tree well-suited as a street and shade tree.  It is tolerant of wind, drought, and air pollution and produces dense shade. The tree is popular in the art of bonsai and the wood is  used in the creation of certain furniture and taiko (drums).",943,Err:508,Err:508,Err:508,Err:508,Err:508,Err:508,Err:508,Err:508,Err:508,Err:508,Err:508,Err:508,,3,Central Campus Tour,24,FALSE,FALSE,deciduous,Vase Shaped,Alternate,Toothed Simple,TRUE,Green,Drupes,"Japan, Korea, China, Taiwan",,,"Red, Yellow, Orange, Copper",Lawn or Park Tree,,153 426
Yaupon Holly,Ilex vomitoria,00951_Ilex_vomitoria.JPG,"Native to the southeastern United States including Georgia, the most common cultivars of this tree are slow-growing shrubs popular for their dense, evergreen foliage and their adaptability to pruning into hedges.  The fruit is an important food for many birds and mammals.  Native Americans used the leaves and stems to brew a tea.  ",951,Err:508,Err:508,Err:508,Err:508,Err:508,Err:508,Err:508,Err:508,Err:508,Err:508,Err:508,Err:508,,3,Central Campus Tour,25,TRUE,FALSE,coniferous,"Rounded, Vase Shaped",Alternate,Toothed Simple,TRUE,White,Berrylike Fruit,"Southeastern United States, South-central United States",,,Green,Brew Tea ,,208 561 565
Laurel Oak,Quercus laurifolia,02182_Quercus_laurifolia.JPG,"Native to the lower coastal United States including Georgia, the fruit of this tree is an acorn which provides food for raccoons, white-tailed deer, wild turkeys, squirrels, ducks, bobwhite quail, and small birds and rodents.",2182,Err:508,Err:508,Err:508,Err:508,Err:508,Err:508,Err:508,Err:508,Err:508,Err:508,Err:508,Err:508,,4,Hemphill/ IC Lawn Tour,1,TRUE,FALSE,deciduous,"Rounded, Oval",Alternate,Untoothed Simple,TRUE,Brown,Acorns,"Southeastern United States, South-central United States",,,Yellow,"Pulpwood, Ornamental",,51 394
Chinese Evergreen Oak,Quercus myrsinifolia,06284_Quercus_myrsinifolia.JPG,"The Chinese Evergreen Oak is native to east and central southeast China, Japan, Korea, and north southeast Asia. It has several common names, including bamboo-leaf oak,  Chinese evergreen oak, and Chinese ring-cupped oak.",6284,Err:508,Err:508,Err:508,Err:508,Err:508,Err:508,Err:508,Err:508,Err:508,Err:508,Err:508,Err:508,,4,Hemphill/ IC Lawn Tour,2,FALSE,FALSE,coniferous,Rounded,Alternate,Toothed Simple,TRUE,Green,Acorns,"China, Japan, Korea, Thailand, Laos, Vietnam",,,Green,,,
Pecan,Carya illinoinensis,06295_Carya_illinoinensis.JPG,"Native to southern and central North America, the nuts (pecans) are an excellent source of manganese, protein, unsaturated fats, and Omega-6 fatty acids.  Research shows that pecans contain plant sterols which are known for their cholesterol-lowering ability.",6295,Err:508,Err:508,Err:508,Err:508,Err:508,Err:508,Err:508,Err:508,Err:508,Err:508,Err:508,Err:508,,4,Hemphill/ IC Lawn Tour,3,TRUE,FALSE,deciduous,Rounded,Alternate,Compound,TRUE,Green,Nuts,United States,,,Yellow,,,327 535 348
Sugar Maple,Acer saccharum,06303_Acer_saccharum.JPG,"Native to North America including Georgia, this tree is known to engage in hydraulic lift, drawing water from lower soil layers and exuding that water into upper, drier soil layers, bene?ting the tree and other plants.  The sap is a primary source for maple syrup.  The wood is prized for its use in furniture and flooring.  ",6306,Err:508,Err:508,Err:508,Err:508,Err:508,Err:508,Err:508,Err:508,Err:508,Err:508,Err:508,Err:508,,4,Hemphill/ IC Lawn Tour,4,TRUE,TRUE,deciduous,Rounded,Opposite,Lobed Simple,TRUE,Green,Keys,Canada,,,"Orange, Brown",,,258 374 592
Red Mulberry,Morus rubra,06160_Morus_rubra.JPG,"Indigenous to eastern North America including Georgia, the fruit of this tree is very sweet.  It can be eaten raw, used in fruit pastries, or fermented into wine.  The wood is sometimes dried and used for smoking meats with a mild and sweet flavor.",6160,Err:508,Err:508,Err:508,Err:508,Err:508,Err:508,Err:508,Err:508,Err:508,Err:508,Err:508,Err:508,,4,Hemphill/ IC Lawn Tour,5,TRUE,FALSE,deciduous,Rounded,Alternate,Toothed Simple,TRUE,"Green, White",Berries,Eastern and Central North America,,,Yellow,Food,,157 432
Sugarberry,Celtis laevigata,06172_Celtis_laevigata.JPG,"Indigenous to North America including Georgia, this tree occurs primarily along streams and in moist soils on floodplains.  Birds consume the fruit, helping to disperse the seeds, and a number of insects eat the leaves.",6172,Err:508,Err:508,Err:508,Err:508,Err:508,Err:508,Err:508,Err:508,Err:508,Err:508,Err:508,Err:508,,4,Hemphill/ IC Lawn Tour,6,TRUE,FALSE,deciduous,"Rounded, Vase Shaped",Alternate,Toothed Simple,TRUE,Green,Drupes,North America,,,Yellow,"Furniture, Container, Producing sporting goods, Plywood",,139 412
Freeman Maple,Acer x freemanii,06025_Acer_x_freemanii.JPG,"A hybrid between the Red Maple and Silver Maple, this tree is a fast grower with less brittle wood and less invasive roots than Red Maple.",6025,Err:508,Err:508,Err:508,Err:508,Err:508,Err:508,Err:508,Err:508,Err:508,Err:508,Err:508,Err:508,,4,Hemphill/ IC Lawn Tour,7,TRUE,FALSE,deciduous,"Oval, Pyramind, Columnar",Opposite,Lobed Simple,TRUE,Red,Keys,Hybrid,,,"Yellow, Red",Shade Tree,,
Black Tupelo,Nyssa sylvatica,06024_Nyssa_sylvatica.JPG,"Native to eastern North America, this tree is cultivated as an ornamental tree in parks and large gardens, where it is often used as a specimen or shade tree.  It is best grown in sheltered but not crowded positions.  Hollow sections of the trunks were formerly used as bee gums by beekeepers and the sap is a major source of wild honey.",6024,Err:508,Err:508,Err:508,Err:508,Err:508,Err:508,Err:508,Err:508,Err:508,Err:508,Err:508,Err:508,,4,Hemphill/ IC Lawn Tour,8,TRUE,TRUE,deciduous,Conical,Alternate,Untoothed Simple,TRUE,Green,Berrylike Fruit,Eastern Noth America,,,Red,Ornamental,,72 540 583 
Nuttall Oak,Quercus texana,06023_Quercus_texana.JPG,"Indigenous to the lower central United States, this tree is adaptable to a wide array of soils, even clay.  The leaves display a vivid fall color and the fruit, the acorn, is an important food source for ducks.",6023,Err:508,Err:508,Err:508,Err:508,Err:508,Err:508,Err:508,Err:508,Err:508,Err:508,Err:508,Err:508,,4,Hemphill/ IC Lawn Tour,9,FALSE,FALSE,deciduous,"Rounded, Oval",Alternate,Lobed Simple,TRUE,Green,Nuts,South-central United States,,,"Red, Orange",Shade Tree,,
Chestnut Oak,Quercus prinus,06000_Quercus_prinus.JPG,Chestnut oak occurs primarily in the Appalachian Mountains and adjacent hill country. Chestnut oak is rareon the Southeastern Coastal Plain.  Chestnut oak wood is cut and utilized as white oak lumber.,6000,Err:508,Err:508,Err:508,Err:508,Err:508,Err:508,Err:508,Err:508,Err:508,Err:508,Err:508,Err:508,,4,Hemphill/ IC Lawn Tour,10,TRUE,FALSE,deciduous,Rounded,Alternate,Lobed Simple,TRUE,Green,Acorns,Eastern United States,,,"Orange, Brown",Lumber,,276 604
Swamp White Oak,Quercus bicolor,04971_Quercus_bicolor.JPG,"Native to the eastern United States, this tree forms hybrids with Bur Oak where they occur together in the wild.  Over 400 of these trees will be planted in the September 11th Memorial Plaza in Manhattan in New York.  Wildlife such as deer, ducks, and geese are attracted to this tree when the acorns drop in the fall season.",4971,Err:508,Err:508,Err:508,Err:508,Err:508,Err:508,Err:508,Err:508,Err:508,Err:508,Err:508,Err:508,,4,Hemphill/ IC Lawn Tour,11,FALSE,FALSE,deciduous,"Rounded, Oval",Alternate,Lobed Simple,TRUE,Brown,Acorns,Northeastern North America,,,"Yellow, Copper, Red",Lumber,,280 515 384
Overcup Oak,Quercus lyrata,04969_Quercus_lyrata.JPG,"Indigenous to the southeastern United States including Georgia, the common name comes from the acorns being largely enclosed in the cup and the scienti?c name comes from the lyrate (lyre-shaped) leaves.  Similar to other white oaks, the wood is valuable and used for making objects such as barrels, weaponry, and ships.",4969,Err:508,Err:508,Err:508,Err:508,Err:508,Err:508,Err:508,Err:508,Err:508,Err:508,Err:508,Err:508,,4,Hemphill/ IC Lawn Tour,12,TRUE,FALSE,deciduous,"Rounded, Oval",Alternate,Lobed Simple,TRUE,Brown,Acorns,Eastern and South-central United States,,,Copper,"Ornamental, Barrels making, Furniture",,278 395
Sawtooth Oak,Quercus acutissima,04961_Quercus_acutissima.JPG,"Indigenous to China, Korea, and Japan, this tree bears flowers that are wind-pollinated catkins and acorns as the fruit.  The wood has many of the characteristics of other fruit.  The wood has many of the characteristics of other is relegated to uses such as fencing.",4961,Err:508,Err:508,Err:508,Err:508,Err:508,Err:508,Err:508,Err:508,Err:508,Err:508,Err:508,Err:508,,4,Hemphill/ IC Lawn Tour,13,FALSE,FALSE,deciduous,"Pyramid, Round",Alternate,Toothed Simple,TRUE,Brown,Acorns,"China, Korea, Japan, Indochina, Himalayas",,,Yellow,shade Tree,,
Fosters Holly,Ilex x attenuata,04984_Ilex_x_attenuata.JPG,"Also known as Savannah Holly, the tree is ideal for use as a street tree.  The fruit of the tree is very attractive to wildlife and serves as an excellent food source.  The American Indians used preserved Holly berries as decorative buttons and were highly sought after by other tribes who bartered for them.",4984,Err:508,Err:508,Err:508,Err:508,Err:508,Err:508,Err:508,Err:508,Err:508,Err:508,Err:508,Err:508,,4,Hemphill/ IC Lawn Tour,14,FALSE,FALSE,coniferous,"Pyramid, Columnar",Alternate,Toothed Simple,TRUE,White,Berrylike Fruit,Hybrid,,,Green,Garden Use,,
Sweet Viburnum,Viburnum odoratissimum,04988_Viburnum_odoratissimum.JPG,"Native to Asia, this tree is a dense shrub often used for soundproofing between streets and houses.  It grows to 30 feet high and has glossy elliptical leaves that can grow up to 8 inches long.  In spring, it produces pyramid-shaped clusters of fragrant, white flowers, followed by red berries that age to black.",4988,Err:508,Err:508,Err:508,Err:508,Err:508,Err:508,Err:508,Err:508,Err:508,Err:508,Err:508,Err:508,,4,Hemphill/ IC Lawn Tour,15,FALSE,FALSE,coniferous,Rounded,Opposite,Toothed Simple,TRUE,White,Berrylike Fruit,Asia,,,Green,Garden Use,,
Pin Oak,Quercus palustris,04996_Quercus_palustris.JPG,"Native to the eastern half of Canada and the United States including Georgia, this tree is one of the most commonly used landscaping oak trees in its native range due to its relatively fast growth, ease of transplant, and pollution tolerance.  The distinctive shape of the tree is considered unique among hardwoods.",4996,Err:508,Err:508,Err:508,Err:508,Err:508,Err:508,Err:508,Err:508,Err:508,Err:508,Err:508,Err:508,,4,Hemphill/ IC Lawn Tour,16,TRUE,FALSE,deciduous,Conical,Alternate,Lobed Simple,TRUE,Brown,Acorns,North America,,,Red,"Landscaping, Garden Use, Medicine",,288 517 586 403
Boxelder,Acer negundo,09990_Acer_negundo.JPG,"Native to Georgia, this tree was used to make the oldest surviving Anasazi ?utes, dated to 620 AD.  Various Native American tribes have used it to make spiritual medicine, charcoal for body paint, and bellows, and used the sap to make sugar, syrup, and candy.",9990,Err:508,Err:508,Err:508,Err:508,Err:508,Err:508,Err:508,Err:508,Err:508,Err:508,Err:508,Err:508,,4,Hemphill/ IC Lawn Tour,17,TRUE,FALSE,deciduous,Rounded,Opposite,Lobed Simple,TRUE,Yellow,Keys,North America,,,Yellow,"Fiberboard, Make tubes, Spiritrual medicine for Native Americans",,335 494 572
Slippery Elm,Ulmas rubra,07465_Ulmus_rubra.JPG,"Native to North America, this tree is less susceptible to Dutch Elm Disease, a fungi spread by the elm bark beetle.  It serves commercial medicinal use as a demulcent, reducing inflammation in mucus membranes.  The wood is strong and used to make bows and wheel hubs.  The inner bark is used to make bow strings, twine, or rope. ",7465,Err:508,Err:508,Err:508,Err:508,Err:508,Err:508,Err:508,Err:508,Err:508,Err:508,Err:508,Err:508,,4,Hemphill/ IC Lawn Tour,18,TRUE,FALSE,deciduous,"Vase Shaped, Broad",Alternate,Toothed Simple,TRUE,Green,Keys,North America,,,Yellow,"Medicine, Timber, Pitched baseball, Starting fire, Threading",,160 500 423
Crepe myrtle,Lagerstroemia indica,07459_Lagerstroemia_indica.JPG,"Native to China, Korea, Japan, and India, the bark of this tree is a prominent feature as it is smooth, pinkish-gray and mottled, shedding each year.  The ?owers are white, pink, mauve, purple, or carmine.  The tree is a popular nesting shrub for songbirds and wrens.",7459,Err:508,Err:508,Err:508,Err:508,Err:508,Err:508,Err:508,Err:508,Err:508,Err:508,Err:508,Err:508,,4,Hemphill/ IC Lawn Tour,19,FALSE,TRUE,deciduous,Vase Shaped,Opposite,Untoothed Simple,TRUE,"Pink, White, Red",Capsule,"China, Korea, Japan, India Subcontinent",,,"Orange, Red, Yellow",Landscaping,,
Silver Maple,Acer saccharinum,10619_Acer_saccharinum.JPG,"Native to eastern North America including Georgia, this tree becomes a primary food source for wildlife in the spring.  Due to its fast growth, this tree is being researched as a potential source of biofuels.  The light wood is used to make furniture, cabinets, flooring, musical instruments, and tool handles.",10619,Err:508,Err:508,Err:508,Err:508,Err:508,Err:508,Err:508,Err:508,Err:508,Err:508,Err:508,Err:508,,4,Hemphill/ IC Lawn Tour,20,TRUE,FALSE,deciduous,Spreading,Opposite,Lobed Simple,TRUE,Red,Keys,Eastern and Central North America,,,Yellow,"Surga, Ornanmental, Landscaping, Food",,264 493 600
American Holly,Ilex opaca,04600_Ilex_opaca.JPG,"This tree is a popular Christmas and winter holiday season decoration.  Like all Hollies, this tree is dioecious, with separate male and female plants, and only female plants produce the characteristic red berries.  The wood is used to make whip handles, engraving blocks, and cabinets.  It can also be dyed and used as a substitute for ebony.  ",4600,Err:508,Err:508,Err:508,Err:508,Err:508,Err:508,Err:508,Err:508,Err:508,Err:508,Err:508,Err:508,,4,Hemphill/ IC Lawn Tour,21,TRUE,TRUE,coniferous,Pyramid,Alternate,Toothed Simple,TRUE,White,Berrylike Fruit,Eastern and South-central United States,,,Green,"Ornamental, Decoration, Brew Tea ",,212 559 564
Southern Catalpa,Catalpa bignonioides,10780_Catalpa_bignonioides.JPG,"Native to the southeastern United States including Georgia, the wood is brittle and hard, but does not rot easily.  It is used for fence posts and railroad ties.  Some plant it to attract the catalpa worm, which is harvested and used as fish bait.",10780,Err:508,Err:508,Err:508,Err:508,Err:508,Err:508,Err:508,Err:508,Err:508,Err:508,Err:508,Err:508,,4,Hemphill/ IC Lawn Tour,22,TRUE,FALSE,deciduous,Roundedd,Opposite,Untoothed Simple,TRUE,White,Capsule,Southeastern United States,,,"Green, Yellow",Ornamental,,94 663
Slash Pine,Pinus elliottii,04716_Pinus_elliottii.JPG,"Indigenous to the southeastern United States including Georgia, this tree is widely grown on plantations and used in horticulture.  It is named after the “slashes” – swampy ground overgrown with trees and bushes – that constitute its habitat.",4716,Err:508,Err:508,Err:508,Err:508,Err:508,Err:508,Err:508,Err:508,Err:508,Err:508,Err:508,Err:508,,4,Hemphill/ IC Lawn Tour,23,TRUE,FALSE,coniferous,"Pyramid, Oval",Alternate,Needle Leaf Conifers,TRUE,Yellow,Cones,Southeastern United States,,,Green,,,6 288
Loblolly Pine,Pinus taeda,04725_Pinus_taeda.JPG,"Indigenous to the southeastern United States including Georgia, this tree is the second most common species of tree in the country.  It is regarded as the most commercially important tree in the southeastern United States due to its timber.",4725,Err:508,Err:508,Err:508,Err:508,Err:508,Err:508,Err:508,Err:508,Err:508,Err:508,Err:508,Err:508,,4,Hemphill/ IC Lawn Tour,24,TRUE,FALSE,coniferous,Oval,Alternate,Needle Leaf Conifers,TRUE,Yellow,Cones,Southeastern United States,,,Green,,,3 297
Sweetgum,Liquidambar styraciflua,04730_Liquidambar_styraciflua.JPG,"The wood of this tree is used for furniture, interior finish, paper pulp, veneers, and baskets.  The heartwood was once used to make furniture, sometimes as imitation mahogany or Circassian walnut.  The hardened sap, or gum resin, can be chewed like chewing gum and has been long used for this purpose in the southern United States.",4730,Err:508,Err:508,Err:508,Err:508,Err:508,Err:508,Err:508,Err:508,Err:508,Err:508,Err:508,Err:508,,4,Hemphill/ IC Lawn Tour,25,TRUE,FALSE,deciduous,Conical,Alternate,Lobed Simple,TRUE,Green,"Balls, Capsules, Tufted Fruit",Eastern North America,,,Red,,,266 509 594 624 453
